# Work named in a prompt and not done, with the prompt that named it and the date
# it was named.
#
# W-10 phase 4. The count of sessions pending is **derived** rather than stored: it
# is the number of session reports in docs/session-reports/ dated strictly after
# `since`. That matters because a stored number is a number somebody has to
# remember to increase, and this document family's whole failure mode is a figure
# that stopped being true without the sentence changing.
#
# It is not a deadline. It is a number that goes up in front of you, so that
# excluding something for the fifth time is a decision somebody makes rather than a
# line that copies forward into the next prompt.
#
# item	prompt	since	note
W-2 phase 7, the schema split and the AR-B8 gate check	W-2	2026-09-11	Correctly blocked until W-7 enumerated the refusal surface it rewrites. Unblocked since. Out of scope in W-10 by instruction: it is a session of its own.
W-2 phase 8, the manifest and the AR-F5 falsifier	W-2	2026-09-11	As above. Follows phase 7.
X-2's six EXPLOITABLE schema findings	X-2	2026-09-12	Decided in W-10 phase 4 rather than excluded a fifth time. See the decision recorded beside this file and in the findings ledger.
Section A, the schema findings still open	corpus	2026-09-11	Twenty remaining after A5's partial close in 0028. Each carries a disposition in the blanket-policy assertion where it is one of those.
Section B, the client findings still open	corpus	2026-09-11	Scored in full by W-9. Thirteen of seventeen reproduce; four are closed; the rest are open with a verdict against each.
Section C, the document findings	corpus	2026-09-11	Two left, both rulings rather than edits.
Section D, infrastructure	corpus	2026-09-11	Includes S-38, no test covers a line of TypeScript, which is what makes every row of status-claims.tsv unavoidable rather than lazy.
